[{"model": "contenttypes.contenttype", "pk": 1, "fields": {"app_label": "admin", "model": "logentry"}}, {"model": "contenttypes.contenttype", "pk": 2, "fields": {"app_label": "auth", "model": "permission"}}, {"model": "contenttypes.contenttype", "pk": 3, "fields": {"app_label": "auth", "model": "group"}}, {"model": "contenttypes.contenttype", "pk": 4, "fields": {"app_label": "auth", "model": "user"}}, {"model": "contenttypes.contenttype", "pk": 5, "fields": {"app_label": "contenttypes", "model": "contenttype"}}, {"model": "contenttypes.contenttype", "pk": 6, "fields": {"app_label": "sessions", "model": "session"}}, {"model": "contenttypes.contenttype", "pk": 7, "fields": {"app_label": "sites", "model": "site"}}, {"model": "contenttypes.contenttype", "pk": 8, "fields": {"app_label": "account", "model": "emailaddress"}}, {"model": "contenttypes.contenttype", "pk": 9, "fields": {"app_label": "account", "model": "emailconfirmation"}}, {"model": "contenttypes.contenttype", "pk": 10, "fields": {"app_label": "socialaccount", "model": "socialaccount"}}, {"model": "contenttypes.contenttype", "pk": 11, "fields": {"app_label": "socialaccount", "model": "socialapp"}}, {"model": "contenttypes.contenttype", "pk": 12, "fields": {"app_label": "socialaccount", "model": "socialtoken"}}, {"model": "contenttypes.contenttype", "pk": 13, "fields": {"app_label": "products", "model": "category"}}, {"model": "contenttypes.contenttype", "pk": 14, "fields": {"app_label": "products", "model": "sizes"}}, {"model": "contenttypes.contenttype", "pk": 15, "fields": {"app_label": "products", "model": "subcategory"}}, {"model": "contenttypes.contenttype", "pk": 16, "fields": {"app_label": "products", "model": "subscription_type"}}, {"model": "contenttypes.contenttype", "pk": 17, "fields": {"app_label": "products", "model": "product_subscription"}}, {"model": "contenttypes.contenttype", "pk": 18, "fields": {"app_label": "products", "model": "product"}}, {"model": "contenttypes.contenttype", "pk": 19, "fields": {"app_label": "products", "model": "subscriptions"}}, {"model": "sessions.session", "pk": "0ade4oc7olv1780mvunkfpksg0fnuvkp", "fields": {"session_data": "NWNmMWVhNDk1NWIxMWJiZjAzMmJlMjc4MWJjZGVhNWQ0ZWUzNDgyZTp7ImJhc2tldCI6eyI0Ijp7Iml0ZW1zX3N1YnNfc2l6ZSI6eyIzIjoyfX0sIjIiOnsiaXRlbXNfc3Vic19zaXplIjp7Ik5vbmUiOjEsIjMiOjR9fSwiMjYiOnsiaXRlbXNfc3Vic19zaXplIjp7IjQiOjF9fSwiMTciOnsiaXRlbXNfc3Vic19zaXplIjp7Ik5vbmUiOjF9fX19", "expire_date": "2020-08-11T06:26:43.932Z"}}, {"model": "sessions.session", "pk": "1o1pwnzi3ru85uft76teoclgd70ap5kr", "fields": {"session_data": "MmNjOThiMWI1ZjliYjYyZjEwMGE2NGI4YzNiZDk4NjNlZGM2ODc3Yjp7Il9hdXRoX3VzZXJfaWQiOiIxIiwiX2F1dGhfdXNlcl9iYWNrZW5kIjoiZGphbmdvLmNvbnRyaWIuYXV0aC5iYWNrZW5kcy5Nb2RlbEJhY2tlbmQiLCJfYXV0aF91c2VyX2hhc2giOiI3MTZlNDBlNzg1YzUyMzhjOTRiNmFhOTY4ZGY4YTgxNmMxMDgyZDhjIiwiYmFza2V0Ijp7IjIiOjE0LCIyNiI6Nn19", "expire_date": "2020-08-10T16:02:21.200Z"}}, {"model": "sessions.session", "pk": "5bz5nwzs2pup5oo6odzfnbidu1ivg7ro", "fields": {"session_data": "OWEyMDI4MjljNzdkNDI0ZTE0MTc1OTE5ZjcyMDM4OWNlNTZiNjU4NDp7ImJhc2tldCI6eyIzIjp7Iml0ZW1zX3N1YnNfc2l6ZSI6eyIyIjoxfX0sIjIiOnsiaXRlbXNfc3Vic19zaXplIjp7IjMiOjR9fSwiMjciOnsiaXRlbXNfc3Vic19zaXplIjp7Ik5vbmUiOjEsIjIiOjF9fSwiMzMiOnsiaXRlbXNfc3Vic19zaXplIjp7Ik5vbmUiOjJ9fX19", "expire_date": "2020-08-11T06:38:35.402Z"}}, {"model": "sessions.session", "pk": "8343dytcvncorqwak76w0sma14syvbum", "fields": {"session_data": "ZDE2MjdhMTQ0Mjg4ZjNmMjgyOWU0NDg3OGIwM2Q5YjM4YzU5YzQ3Yzp7ImJhc2tldCI6eyIyIjp7Iml0ZW1zX2J5X3NpemUiOnsiMyI6MX19LCIyNiI6eyJpdGVtc19ieV9zaXplIjp7IjQiOjN9fSwiMyI6eyJpdGVtc19ieV9zaXplIjp7IjQiOjF9fX19", "expire_date": "2020-08-10T23:00:09.704Z"}}, {"model": "sessions.session", "pk": "g1rcnbhlnis9gxg68cumxenw7j6prs2n", "fields": {"session_data": "MWQzOTZlODE1YWMxOGNhNjE3YmRlYmRlMjEwZDkyYjMxZTE0OTdkMjp7ImJhc2tldCI6eyIzIjp7Iml0ZW1zX3N1YnNfc2l6ZSI6eyJOb25lIjoxfX0sIjQiOnsiaXRlbXNfc3Vic19zaXplIjp7Ik5vbmUiOjJ9fSwiMSI6eyJpdGVtc19zdWJzX3NpemUiOnsiMiI6M319fX0=", "expire_date": "2020-08-11T06:23:33.832Z"}}, {"model": "sessions.session", "pk": "h9vulkz4kbafxx9sfc4a6rhw9yaa48jz", "fields": {"session_data": "MWFjMTc0YjUxN2IzMGExYTVjM2VhZDI4Y2RkNzc5YzU0YTBiOGZmYTp7ImJhc2tldCI6eyIyIjoxfX0=", "expire_date": "2020-08-10T22:00:43.161Z"}}, {"model": "sessions.session", "pk": "ht1eykm701z1evg6qwsu7iwoydh5z8dg", "fields": {"session_data": "MGYwZDI1ZmQyMTAzNzEzOWQzNjU3MjQzZTZlZDI2YTQxZTMxYjQyYzp7ImJhc2tldCI6eyIyIjozfX0=", "expire_date": "2020-08-10T21:56:09.861Z"}}, {"model": "sessions.session", "pk": "kk9be94g42zbfpkh3ionbjjotv8ck37h", "fields": {"session_data": "YjdmMDEzZTg4YjU0NjIzNjIyMGI2ZGJhY2RlM2IzOGQzMGY1NDM4Nzp7ImJhc2tldCI6eyIzIjp7Iml0ZW1fc3Vic2NyaXB0aW9uIjp7IjIiOjJ9fSwiMiI6eyJpdGVtX3N1YnNjcmlwdGlvbiI6eyIzIjo0MX19LCIyNyI6eyJpdGVtc19ieV9zaXplIjp7IjMiOjExfX0sIjI4Ijp7Iml0ZW1zX2J5X3NpemUiOnsiNCI6MjF9fX19", "expire_date": "2020-08-16T09:54:53.449Z"}}, {"model": "sessions.session", "pk": "nn2yzxkz89n16rk0jxy7fuakwprvpuhv", "fields": {"session_data": "MDY3MDZjMDA1ZDRmMjk0ZWYyNzNlZDAxN2E4NzQ4NDhmYWIxOTAwNTp7ImJhc2tldCI6eyIzIjp7Iml0ZW1fc3Vic2NyaXB0aW9uIjp7IjIiOjJ9fSwiMiI6eyJpdGVtX3N1YnNjcmlwdGlvbiI6eyIzIjo0fX0sIjI3IjoxLCIyOCI6eyJpdGVtc19ieV9zaXplIjp7IjEiOjF9fSwiMTMiOjIsIjE5Ijo1LCIyMiI6MiwiMTUiOnsiaXRlbV9zdWJzY3JpcHRpb24iOnsiMiI6MX19fSwiX2F1dGhfdXNlcl9pZCI6IjEiLCJfYXV0aF91c2VyX2JhY2tlbmQiOiJkamFuZ28uY29udHJpYi5hdXRoLmJhY2tlbmRzLk1vZGVsQmFja2VuZCIsIl9hdXRoX3VzZXJfaGFzaCI6IjcxNmU0MGU3ODVjNTIzOGM5NGI2YWE5NjhkZjhhODE2YzEwODJkOGMifQ==", "expire_date": "2020-08-15T14:27:41.898Z"}}, {"model": "sessions.session", "pk": "pl2a509jf6xding1qjj2ztmqd2wufe2k", "fields": {"session_data": "NjczNmU1ZDEyYTNlNDllMjMzNTIzNzE1YjJhYTgwNDM4OTliNzA2Nzp7ImJhc2tldCI6eyIzIjp7Iml0ZW1zX3N1YnNfc2l6ZSI6eyIyIjoxfX0sIjIiOnsiaXRlbXNfc3Vic19zaXplIjp7IjMiOjQsIjQiOjF9fSwiMjciOnsiaXRlbXNfc3Vic19zaXplIjp7IjQiOjF9fSwiMzMiOjEwLCIyMiI6MSwiMTEiOnsiaXRlbXNfc3Vic19zaXplIjp7IjUiOjJ9fX19", "expire_date": "2020-08-11T06:57:40.461Z"}}, {"model": "sessions.session", "pk": "w5vd15vykzsdi4nktmst9g1f8nmdoi3g", "fields": {"session_data": "OWEwN2JhYmY3ZGExYWNiMDI2ZTljMjVkY2ExZjBkMjVmZTYzNjU2NTp7ImJhc2tldCI6eyIyIjp7Iml0ZW1zX2J5X3NpemUiOnsiMyI6MX19fX0=", "expire_date": "2020-08-10T22:10:47.471Z"}}, {"model": "sites.site", "pk": 1, "fields": {"domain": "example.com", "name": "example.com"}}, {"model": "products.category", "pk": 1, "fields": {"code": "fitness", "name": "Fitness"}}, {"model": "products.category", "pk": 2, "fields": {"code": "nutrition", "name": "Nutrition"}}, {"model": "products.category", "pk": 3, "fields": {"code": "accessories", "name": "Accessories"}}, {"model": "products.subcategory", "pk": 1, "fields": {"code": "beginners", "name": "Beginners"}}, {"model": "products.subcategory", "pk": 2, "fields": {"code": "intermediate", "name": "Intermediate"}}, {"model": "products.subcategory", "pk": 3, "fields": {"code": "advanced", "name": "Advanced"}}, {"model": "products.subcategory", "pk": 4, "fields": {"code": "seniors", "name": "Seniors"}}, {"model": "products.subcategory", "pk": 5, "fields": {"code": "children", "name": "Children"}}, {"model": "products.subcategory", "pk": 6, "fields": {"code": "online", "name": "Online Classes"}}, {"model": "products.subcategory", "pk": 7, "fields": {"code": "general_plans", "name": "General Plans"}}, {"model": "products.subcategory", "pk": 8, "fields": {"code": "personalised_plans", "name": "Personalised Plans"}}, {"model": "products.subcategory", "pk": 9, "fields": {"code": "detox", "name": "Detox Plans"}}, {"model": "products.subcategory", "pk": 10, "fields": {"code": "weights", "name": "Weights"}}, {"model": "products.subcategory", "pk": 11, "fields": {"code": "resistance", "name": "Resistance Bands"}}, {"model": "products.subcategory", "pk": 12, "fields": {"code": "clothing", "name": "Clothing"}}, {"model": "products.subcategory", "pk": 13, "fields": {"code": "misc", "name": "Miscellaneous"}}, {"model": "products.subscription_type", "pk": 1, "fields": {"code": "online", "name": "Online Content"}}, {"model": "products.subscription_type", "pk": 2, "fields": {"code": "book", "name": "Book"}}, {"model": "products.subscription_type", "pk": 3, "fields": {"code": "dvd", "name": "DVD"}}, {"model": "products.subscription_type", "pk": 4, "fields": {"code": "onlinebook", "name": "Online Content & Book"}}, {"model": "products.subscription_type", "pk": 5, "fields": {"code": "live", "name": "Live Online Class"}}, {"model": "products.subscription_type", "pk": 6, "fields": {"code": "none", "name": "None"}}, {"model": "products.sizes", "pk": 1, "fields": {"code": "sm", "name": "Small"}}, {"model": "products.sizes", "pk": 2, "fields": {"code": "med", "name": "Medium"}}, {"model": "products.sizes", "pk": 3, "fields": {"code": "lg", "name": "Large"}}, {"model": "products.sizes", "pk": 4, "fields": {"code": "xl", "name": "X-Large"}}, {"model": "products.sizes", "pk": 5, "fields": {"code": "none", "name": "N/A"}}, {"model": "products.product", "pk": 1, "fields": {"category": 1, "subcategory": 1, "code": "bodysculpt_begin", "name": "Body Sculpt - Beginners", "description": "12 week bodysculpt fitness program for beginners", "subscription": true, "rating": "8.5", "has_sizes": false, "colour": "none", "image_url": "https://gdurl.com/15YM", "image": "bodysculpt_begin.jpg"}}, {"model": "products.product", "pk": 2, "fields": {"category": 1, "subcategory": 2, "code": "bodysculpt_inter", "name": "Body Sculpt - Intermediate", "description": "12 week bodysculpt fitness program for intermediate level", "subscription": true, "rating": "9.4", "has_sizes": false, "colour": "none", "image_url": "https://gdurl.com/Unrg", "image": "bodysculpt_inter.jpg"}}, {"model": "products.product", "pk": 3, "fields": {"category": 1, "subcategory": 3, "code": "bodysculpt_adv", "name": "Body Sculpt - Advanced", "description": "12 week bodysculpt fitness program for advanced level", "subscription": true, "rating": "6.0", "has_sizes": false, "colour": "none", "image_url": "https://gdurl.com/J1mY", "image": "bodysculpt_adv.jpg"}}, {"model": "products.product", "pk": 4, "fields": {"category": 1, "subcategory": 2, "code": "bodytone", "name": "Body Toning Program", "description": "6 week body toning program (add-on)", "subscription": true, "rating": "5.0", "has_sizes": false, "colour": "none", "image_url": "https://gdurl.com/ucXX", "image": "bodytone.jpg"}}, {"model": "products.product", "pk": 5, "fields": {"category": 1, "subcategory": 4, "code": "senior_begin", "name": "Seniors Workout - Beginners", "description": "A tailored workout for seniors who are just starting out in their fitness program", "subscription": true, "rating": "9.7", "has_sizes": false, "colour": "none", "image_url": null, "image": ""}}, {"model": "products.product", "pk": 6, "fields": {"category": 1, "subcategory": 4, "code": "senior_adv", "name": "Advanced Seniors Workout", "description": "An advanced work out especially tailored for seniors", "subscription": true, "rating": "8.0", "has_sizes": false, "colour": "none", "image_url": null, "image": ""}}, {"model": "products.product", "pk": 7, "fields": {"category": 1, "subcategory": 5, "code": "child_general", "name": "Childrens Fitness Workout", "description": "A fun fitness program series designed for children from 3 -10", "subscription": true, "rating": "3.0", "has_sizes": false, "colour": "none", "image_url": null, "image": "child_workout_begin.jpg"}}, {"model": "products.product", "pk": 8, "fields": {"category": 1, "subcategory": 5, "code": "child_adv", "name": "Advanced Childrens Workout", "description": "Build on the workouts learnt in the Children's workout series and learn more. Suitable for older children from 7 - 14", "subscription": true, "rating": "3.0", "has_sizes": false, "colour": "none", "image_url": null, "image": "child_workout_adv.jpg"}}, {"model": "products.product", "pk": 9, "fields": {"category": 1, "subcategory": 6, "code": "live_kettlebell_single", "name": "Live Online Kettlebells Workout - 1 class pass", "description": "Join the kettlebell workout class live online from the comfort of your own home. Only equipment needed are some kettlebells and an exercise mat", "subscription": true, "rating": "5.0", "has_sizes": false, "colour": "none", "image_url": null, "image": ""}}, {"model": "products.product", "pk": 10, "fields": {"category": 1, "subcategory": 6, "code": "live_hiit_single", "name": "Live Online HIIT Workout - 1 class pass", "description": "Join the HIIT workout class which is live online. This can be completed with some free weights, resistance bands and an exercise mat", "subscription": true, "rating": "9.0", "has_sizes": false, "colour": "none", "image_url": null, "image": ""}}, {"model": "products.product", "pk": 11, "fields": {"category": 1, "subcategory": 4, "code": "live_senior_single", "name": "Live Online Seniors Workout - 1 class pass", "description": "Join our seniors circuit training workout live online. No equipment needed for this, this simple program uses your own bodyweight to help gain strenght using key exercises.", "subscription": true, "rating": "10.0", "has_sizes": false, "colour": "none", "image_url": "https://gdurl.com/uEhM", "image": "senior_online_workout.jpg"}}, {"model": "products.product", "pk": 12, "fields": {"category": 2, "subcategory": 7, "code": "nutri_weightloss", "name": "Weightloss Nutrition Plan", "description": "Our specialised nutrition plan has been carefully designed to maximise weightloss. It has a simple weekly meal plan, and also has a shopping list available to print out and bring with you.", "subscription": true, "rating": "9.4", "has_sizes": false, "colour": "none", "image_url": null, "image": ""}}, {"model": "products.product", "pk": 13, "fields": {"category": 2, "subcategory": 7, "code": "nutri_muscletone", "name": "Nutrition Plan for Muscle Tone", "description": "This nutrition plan has been designed by nutrional experts for people who are trying to build muscle tone", "subscription": true, "rating": "10.0", "has_sizes": false, "colour": "none", "image_url": null, "image": ""}}, {"model": "products.product", "pk": 14, "fields": {"category": 2, "subcategory": 7, "code": "nutri_training", "name": "Nutrition Plan for Training", "description": "This nutrition plan has been designed by nutrional experts for people who athletes in training for a specific event, such as a marathon / triathlon. A higher calorie intake is required for this type of training, which is utilised in this plan.", "subscription": true, "rating": "4.0", "has_sizes": false, "colour": "none", "image_url": null, "image": ""}}, {"model": "products.product", "pk": 15, "fields": {"category": 2, "subcategory": 9, "code": "nutri_detox", "name": "Dextox Nutrition Plan", "description": "more info", "subscription": true, "rating": "7.0", "has_sizes": false, "colour": "none", "image_url": null, "image": ""}}, {"model": "products.product", "pk": 16, "fields": {"category": 2, "subcategory": 8, "code": "nutri_mealplan", "name": "Personalised Meal Plan", "description": "Our experts will work with you to build a meal plan designed to your requirements", "subscription": true, "rating": "7.0", "has_sizes": false, "colour": "none", "image_url": null, "image": ""}}, {"model": "products.product", "pk": 17, "fields": {"category": 3, "subcategory": 10, "code": "dumbell_5kg", "name": "Dumbell - 5kg", "description": "more info", "subscription": false, "rating": "8.0", "has_sizes": false, "colour": "blue", "image_url": null, "image": "dumbbell-5kg_GkPNhlG.jpg"}}, {"model": "products.product", "pk": 18, "fields": {"category": 3, "subcategory": 10, "code": "dumbell_8kg", "name": "Dumbell - 8kg", "description": "more info", "subscription": false, "rating": "5.0", "has_sizes": false, "colour": "orange", "image_url": null, "image": "dumbbell-8kg.jpg"}}, {"model": "products.product", "pk": 19, "fields": {"category": 3, "subcategory": 10, "code": "kettlebell_4kg", "name": "Kettlebell - 4kg", "description": "more info", "subscription": false, "rating": "3.0", "has_sizes": false, "colour": "pink", "image_url": null, "image": "kettlebells-4kg.jpg"}}, {"model": "products.product", "pk": 20, "fields": {"category": 3, "subcategory": 10, "code": "kettlebell_8kg", "name": "kettlebell - 8kg", "description": "more info", "subscription": false, "rating": "5.0", "has_sizes": false, "colour": "green", "image_url": null, "image": "kettlebells-8kg.jpg"}}, {"model": "products.product", "pk": 21, "fields": {"category": 3, "subcategory": 11, "code": "resist_bands", "name": "Resistance Bands (set of 3)", "description": "more info", "subscription": false, "rating": "3.0", "has_sizes": false, "colour": "multi", "image_url": null, "image": ""}}, {"model": "products.product", "pk": 22, "fields": {"category": 3, "subcategory": 13, "code": "exercise_mat", "name": "Exercise Mat", "description": "more info", "subscription": false, "rating": "7.0", "has_sizes": false, "colour": "pink", "image_url": null, "image": "exercise-mat-pink.jpg"}}, {"model": "products.product", "pk": 23, "fields": {"category": 3, "subcategory": 10, "code": "med_ball_3kg", "name": "Medicine Ball - 3kg", "description": "more info", "subscription": false, "rating": "5.0", "has_sizes": false, "colour": "black", "image_url": null, "image": ""}}, {"model": "products.product", "pk": 24, "fields": {"category": 3, "subcategory": 10, "code": "med_ball_5kg", "name": "Medicine Ball - 5kg", "description": "more info", "subscription": false, "rating": "3.0", "has_sizes": false, "colour": "black", "image_url": null, "image": ""}}, {"model": "products.product", "pk": 25, "fields": {"category": 3, "subcategory": 10, "code": "med_ball_10kg", "name": "Medicine Ball - 10kg", "description": "more info", "subscription": false, "rating": "10.0", "has_sizes": false, "colour": "black", "image_url": null, "image": ""}}, {"model": "products.product", "pk": 26, "fields": {"category": 3, "subcategory": 12, "code": "tshirt_white", "name": "Nutriverse - T Shirt - White", "description": "more info", "subscription": false, "rating": "7.0", "has_sizes": true, "colour": "white", "image_url": null, "image": ""}}, {"model": "products.product", "pk": 27, "fields": {"category": 3, "subcategory": 12, "code": "tshirt_black", "name": "Nutriverse - T Shirt - Black", "description": "more info", "subscription": false, "rating": "10.0", "has_sizes": true, "colour": "black", "image_url": null, "image": ""}}, {"model": "products.product", "pk": 28, "fields": {"category": 3, "subcategory": 12, "code": "tshirt_red", "name": "Nutriverse - T Shirt - Red", "description": "more info", "subscription": false, "rating": "3.0", "has_sizes": true, "colour": "red", "image_url": null, "image": ""}}, {"model": "products.product", "pk": 29, "fields": {"category": 3, "subcategory": 13, "code": "sportsbag_black", "name": "Nutriverse - Sportsbag", "description": "more info", "subscription": false, "rating": "7.0", "has_sizes": false, "colour": "black", "image_url": null, "image": ""}}, {"model": "products.product", "pk": 30, "fields": {"category": 3, "subcategory": 13, "code": "waterbottle_white", "name": "Nutriverse - Waterbottle - White", "description": "more info", "subscription": false, "rating": "10.0", "has_sizes": false, "colour": "white", "image_url": null, "image": ""}}, {"model": "products.product", "pk": 31, "fields": {"category": 3, "subcategory": 13, "code": "waterbottle_blue", "name": "Nutriverse - Waterbottle - Blue", "description": "more info", "subscription": false, "rating": "5.0", "has_sizes": false, "colour": "blue", "image_url": null, "image": ""}}, {"model": "products.product", "pk": 32, "fields": {"category": 3, "subcategory": 13, "code": "waterbottle_red", "name": "Nutriverse - Waterbottle - Red", "description": "more info", "subscription": false, "rating": "8.0", "has_sizes": false, "colour": "red", "image_url": null, "image": ""}}, {"model": "products.product", "pk": 33, "fields": {"category": 3, "subcategory": 11, "code": "resist_bands_rubber", "name": "Rubber Resistances Bands Set", "description": "more info", "subscription": false, "rating": "8.0", "has_sizes": false, "colour": "multi", "image_url": null, "image": ""}}, {"model": "products.product", "pk": 34, "fields": {"category": 1, "subcategory": 6, "code": "live_kettlebell_10", "name": "Live Online Kettlebells Workout - 10 class pass", "description": "Join the kettlebell workout class live online from the comfort of your own home. Only equipment needed are some kettlebells and an exercise mat", "subscription": true, "rating": "6.0", "has_sizes": false, "colour": "none", "image_url": null, "image": ""}}, {"model": "products.product", "pk": 35, "fields": {"category": 1, "subcategory": 6, "code": "live_hiit_10", "name": "Live Online HIIT Workout - 10 class pass", "description": "Join the HIIT workout class which is live online. This can be completed with some free weights, resistance bands and an exercise mat", "subscription": true, "rating": "3.0", "has_sizes": false, "colour": "none", "image_url": null, "image": ""}}, {"model": "products.product", "pk": 36, "fields": {"category": 1, "subcategory": 4, "code": "live_senior_10", "name": "Live Online Seniors Workout - 10 class pass", "description": "Join our seniors circuit training workout live online. No equipment needed for this, this simple program uses your own bodyweight to help gain strenght using key exercises.", "subscription": true, "rating": "8.0", "has_sizes": false, "colour": "none", "image_url": "https://gdurl.com/uEhM", "image": "senior_online_workout.jpg"}}, {"model": "products.product", "pk": 37, "fields": {"category": 1, "subcategory": 6, "code": "live_kettlebell_30", "name": "Live Online Kettlebells Workout - monthly pass (30)", "description": "Join the kettlebell workout class live online from the comfort of your own home. Only equipment needed are some kettlebells and an exercise mat", "subscription": true, "rating": "3.0", "has_sizes": false, "colour": "none", "image_url": null, "image": ""}}, {"model": "products.product", "pk": 38, "fields": {"category": 1, "subcategory": 6, "code": "live_hiit_30", "name": "Live Online HIIT Workout - monthly pass (30)", "description": "Join the HIIT workout class which is live online. This can be completed with some free weights, resistance bands and an exercise mat", "subscription": true, "rating": "3.0", "has_sizes": false, "colour": "none", "image_url": null, "image": ""}}, {"model": "products.product", "pk": 39, "fields": {"category": 1, "subcategory": 4, "code": "live_senior_30", "name": "Live Online Seniors Workout - monthly pass (30)", "description": "Join our seniors circuit training workout live online. No equipment needed for this, this simple program uses your own bodyweight to help gain strenght using key exercises.", "subscription": true, "rating": "4.0", "has_sizes": false, "colour": "none", "image_url": "https://gdurl.com/uEhM", "image": "senior_online_workout.jpg"}}, {"model": "products.product_subscription", "pk": 1, "fields": {"code": "", "subscription_type": 1, "size": null, "price": "42.99", "quantity_available": "42"}}, {"model": "products.product_subscription", "pk": 2, "fields": {"code": "", "subscription_type": 2, "size": null, "price": "47.99", "quantity_available": "22"}}, {"model": "products.product_subscription", "pk": 3, "fields": {"code": "", "subscription_type": 3, "size": null, "price": "40.00", "quantity_available": "49"}}, {"model": "products.product_subscription", "pk": 4, "fields": {"code": "", "subscription_type": 4, "size": null, "price": "62.50", "quantity_available": "39"}}, {"model": "products.product_subscription", "pk": 5, "fields": {"code": "", "subscription_type": 1, "size": null, "price": "42.99", "quantity_available": "28"}}, {"model": "products.product_subscription", "pk": 6, "fields": {"code": "", "subscription_type": 2, "size": null, "price": "47.99", "quantity_available": "9"}}, {"model": "products.product_subscription", "pk": 7, "fields": {"code": "", "subscription_type": 3, "size": null, "price": "40.00", "quantity_available": "4"}}, {"model": "products.product_subscription", "pk": 8, "fields": {"code": "", "subscription_type": 4, "size": null, "price": "62.50", "quantity_available": "21"}}, {"model": "products.product_subscription", "pk": 9, "fields": {"code": "", "subscription_type": 1, "size": null, "price": "42.99", "quantity_available": "19"}}, {"model": "products.product_subscription", "pk": 10, "fields": {"code": "", "subscription_type": 2, "size": null, "price": "47.99", "quantity_available": "14"}}, {"model": "products.product_subscription", "pk": 11, "fields": {"code": "", "subscription_type": 3, "size": null, "price": "40.00", "quantity_available": "5"}}, {"model": "products.product_subscription", "pk": 12, "fields": {"code": "", "subscription_type": 4, "size": null, "price": "62.50", "quantity_available": "45"}}, {"model": "products.product_subscription", "pk": 13, "fields": {"code": "", "subscription_type": 1, "size": null, "price": "34.99", "quantity_available": "13"}}, {"model": "products.product_subscription", "pk": 14, "fields": {"code": "", "subscription_type": 2, "size": null, "price": "39.99", "quantity_available": "24"}}, {"model": "products.product_subscription", "pk": 15, "fields": {"code": "", "subscription_type": 3, "size": null, "price": "32.99", "quantity_available": "2"}}, {"model": "products.product_subscription", "pk": 16, "fields": {"code": "", "subscription_type": 4, "size": null, "price": "54.50", "quantity_available": "36"}}, {"model": "products.product_subscription", "pk": 17, "fields": {"code": "", "subscription_type": 1, "size": null, "price": "27.99", "quantity_available": "7"}}, {"model": "products.product_subscription", "pk": 18, "fields": {"code": "", "subscription_type": 2, "size": null, "price": "32.99", "quantity_available": "21"}}, {"model": "products.product_subscription", "pk": 19, "fields": {"code": "", "subscription_type": 3, "size": null, "price": "30.00", "quantity_available": "42"}}, {"model": "products.product_subscription", "pk": 20, "fields": {"code": "", "subscription_type": 4, "size": null, "price": "52.50", "quantity_available": "34"}}, {"model": "products.product_subscription", "pk": 21, "fields": {"code": "", "subscription_type": 1, "size": null, "price": "24.50", "quantity_available": "13"}}, {"model": "products.product_subscription", "pk": 22, "fields": {"code": "", "subscription_type": 2, "size": null, "price": "29.50", "quantity_available": "42"}}, {"model": "products.product_subscription", "pk": 23, "fields": {"code": "", "subscription_type": 3, "size": null, "price": "32.50", "quantity_available": "19"}}, {"model": "products.product_subscription", "pk": 24, "fields": {"code": "", "subscription_type": 4, "size": null, "price": "54.75", "quantity_available": "36"}}, {"model": "products.product_subscription", "pk": 25, "fields": {"code": "", "subscription_type": 1, "size": null, "price": "21.50", "quantity_available": "15"}}, {"model": "products.product_subscription", "pk": 26, "fields": {"code": "", "subscription_type": 1, "size": null, "price": "24.50", "quantity_available": "13"}}, {"model": "products.product_subscription", "pk": 27, "fields": {"code": "", "subscription_type": 5, "size": null, "price": "12.00", "quantity_available": "1"}}, {"model": "products.product_subscription", "pk": 28, "fields": {"code": "", "subscription_type": 5, "size": null, "price": "12.00", "quantity_available": "45"}}, {"model": "products.product_subscription", "pk": 29, "fields": {"code": "", "subscription_type": 5, "size": null, "price": "9.00", "quantity_available": "20"}}, {"model": "products.product_subscription", "pk": 30, "fields": {"code": "", "subscription_type": 1, "size": null, "price": "26.50", "quantity_available": "8"}}, {"model": "products.product_subscription", "pk": 31, "fields": {"code": "", "subscription_type": 2, "size": null, "price": "32.50", "quantity_available": "41"}}, {"model": "products.product_subscription", "pk": 32, "fields": {"code": "", "subscription_type": 4, "size": null, "price": "44.99", "quantity_available": "48"}}, {"model": "products.product_subscription", "pk": 33, "fields": {"code": "", "subscription_type": 1, "size": null, "price": "24.99", "quantity_available": "2"}}, {"model": "products.product_subscription", "pk": 34, "fields": {"code": "", "subscription_type": 2, "size": null, "price": "29.99", "quantity_available": "3"}}, {"model": "products.product_subscription", "pk": 35, "fields": {"code": "", "subscription_type": 4, "size": null, "price": "42.99", "quantity_available": "11"}}, {"model": "products.product_subscription", "pk": 36, "fields": {"code": "", "subscription_type": 1, "size": null, "price": "24.99", "quantity_available": "19"}}, {"model": "products.product_subscription", "pk": 37, "fields": {"code": "", "subscription_type": 2, "size": null, "price": "29.99", "quantity_available": "19"}}, {"model": "products.product_subscription", "pk": 38, "fields": {"code": "", "subscription_type": 4, "size": null, "price": "42.99", "quantity_available": "22"}}, {"model": "products.product_subscription", "pk": 39, "fields": {"code": "", "subscription_type": 1, "size": null, "price": "19.99", "quantity_available": "31"}}, {"model": "products.product_subscription", "pk": 40, "fields": {"code": "", "subscription_type": 2, "size": null, "price": "22.50", "quantity_available": "14"}}, {"model": "products.product_subscription", "pk": 41, "fields": {"code": "", "subscription_type": 4, "size": null, "price": "35.50", "quantity_available": "14"}}, {"model": "products.product_subscription", "pk": 42, "fields": {"code": "", "subscription_type": 1, "size": null, "price": "28.99", "quantity_available": "45"}}, {"model": "products.product_subscription", "pk": 43, "fields": {"code": "", "subscription_type": 5, "size": null, "price": "117.00", "quantity_available": "9"}}, {"model": "products.product_subscription", "pk": 44, "fields": {"code": "", "subscription_type": 5, "size": null, "price": "117.00", "quantity_available": "38"}}, {"model": "products.product_subscription", "pk": 45, "fields": {"code": "", "subscription_type": 5, "size": null, "price": "87.00", "quantity_available": "45"}}, {"model": "products.product_subscription", "pk": 46, "fields": {"code": "", "subscription_type": 5, "size": null, "price": "355.00", "quantity_available": "48"}}, {"model": "products.product_subscription", "pk": 47, "fields": {"code": "", "subscription_type": 5, "size": null, "price": "355.00", "quantity_available": "41"}}, {"model": "products.product_subscription", "pk": 48, "fields": {"code": "", "subscription_type": 5, "size": null, "price": "260.00", "quantity_available": "15"}}, {"model": "products.product_subscription", "pk": 49, "fields": {"code": "", "subscription_type": null, "size": null, "price": "15.00", "quantity_available": "7"}}, {"model": "products.product_subscription", "pk": 50, "fields": {"code": "", "subscription_type": null, "size": null, "price": "25.00", "quantity_available": "11"}}, {"model": "products.product_subscription", "pk": 51, "fields": {"code": "", "subscription_type": null, "size": null, "price": "15.00", "quantity_available": "4"}}, {"model": "products.product_subscription", "pk": 52, "fields": {"code": "", "subscription_type": null, "size": null, "price": "25.00", "quantity_available": "2"}}, {"model": "products.product_subscription", "pk": 53, "fields": {"code": "", "subscription_type": null, "size": null, "price": "12.50", "quantity_available": "6"}}, {"model": "products.product_subscription", "pk": 54, "fields": {"code": "", "subscription_type": null, "size": null, "price": "10.99", "quantity_available": "12"}}, {"model": "products.product_subscription", "pk": 55, "fields": {"code": "", "subscription_type": null, "size": null, "price": "21.99", "quantity_available": "6"}}, {"model": "products.product_subscription", "pk": 56, "fields": {"code": "", "subscription_type": null, "size": null, "price": "27.99", "quantity_available": "2"}}, {"model": "products.product_subscription", "pk": 57, "fields": {"code": "", "subscription_type": null, "size": null, "price": "35.99", "quantity_available": "1"}}, {"model": "products.product_subscription", "pk": 58, "fields": {"code": "", "subscription_type": null, "size": null, "price": "14.99", "quantity_available": "12"}}, {"model": "products.product_subscription", "pk": 59, "fields": {"code": "", "subscription_type": null, "size": null, "price": "11.50", "quantity_available": "16"}}, {"model": "products.product_subscription", "pk": 60, "fields": {"code": "", "subscription_type": null, "size": null, "price": "11.50", "quantity_available": "10"}}, {"model": "products.product_subscription", "pk": 61, "fields": {"code": "", "subscription_type": null, "size": null, "price": "11.50", "quantity_available": "4"}}, {"model": "products.product_subscription", "pk": 62, "fields": {"code": "", "subscription_type": null, "size": null, "price": "7.99", "quantity_available": "8"}}, {"model": "products.product_subscription", "pk": 63, "fields": {"code": "", "subscription_type": null, "size": 1, "price": "16.99", "quantity_available": "12"}}, {"model": "products.product_subscription", "pk": 64, "fields": {"code": "", "subscription_type": null, "size": 2, "price": "16.99", "quantity_available": "10"}}, {"model": "products.product_subscription", "pk": 65, "fields": {"code": "", "subscription_type": null, "size": 3, "price": "16.99", "quantity_available": "5"}}, {"model": "products.product_subscription", "pk": 66, "fields": {"code": "", "subscription_type": null, "size": 4, "price": "16.99", "quantity_available": "8"}}, {"model": "products.product_subscription", "pk": 67, "fields": {"code": "", "subscription_type": null, "size": 1, "price": "16.99", "quantity_available": "4"}}, {"model": "products.product_subscription", "pk": 68, "fields": {"code": "", "subscription_type": null, "size": 2, "price": "16.99", "quantity_available": "3"}}, {"model": "products.product_subscription", "pk": 69, "fields": {"code": "", "subscription_type": null, "size": 3, "price": "16.99", "quantity_available": "7"}}, {"model": "products.product_subscription", "pk": 70, "fields": {"code": "", "subscription_type": null, "size": 4, "price": "16.99", "quantity_available": "9"}}, {"model": "products.product_subscription", "pk": 71, "fields": {"code": "", "subscription_type": null, "size": 1, "price": "17.99", "quantity_available": "5"}}, {"model": "products.product_subscription", "pk": 72, "fields": {"code": "", "subscription_type": null, "size": 2, "price": "17.99", "quantity_available": "1"}}, {"model": "products.product_subscription", "pk": 73, "fields": {"code": "", "subscription_type": null, "size": 3, "price": "17.99", "quantity_available": "6"}}, {"model": "products.product_subscription", "pk": 74, "fields": {"code": "", "subscription_type": null, "size": 4, "price": "17.99", "quantity_available": "3"}}, {"model": "products.product_subscription", "pk": 75, "fields": {"code": "test1", "subscription_type": 1, "size": 5, "price": "22.50", "quantity_available": "4"}}, {"model": "products.subscriptions", "pk": 1, "fields": {"product": 1, "product_sub": 75}}, {"model": "auth.permission", "pk": 1, "fields": {"name": "Can add log entry", "content_type": 1, "codename": "add_logentry"}}, {"model": "auth.permission", "pk": 2, "fields": {"name": "Can change log entry", "content_type": 1, "codename": "change_logentry"}}, {"model": "auth.permission", "pk": 3, "fields": {"name": "Can delete log entry", "content_type": 1, "codename": "delete_logentry"}}, {"model": "auth.permission", "pk": 4, "fields": {"name": "Can view log entry", "content_type": 1, "codename": "view_logentry"}}, {"model": "auth.permission", "pk": 5, "fields": {"name": "Can add permission", "content_type": 2, "codename": "add_permission"}}, {"model": "auth.permission", "pk": 6, "fields": {"name": "Can change permission", "content_type": 2, "codename": "change_permission"}}, {"model": "auth.permission", "pk": 7, "fields": {"name": "Can delete permission", "content_type": 2, "codename": "delete_permission"}}, {"model": "auth.permission", "pk": 8, "fields": {"name": "Can view permission", "content_type": 2, "codename": "view_permission"}}, {"model": "auth.permission", "pk": 9, "fields": {"name": "Can add group", "content_type": 3, "codename": "add_group"}}, {"model": "auth.permission", "pk": 10, "fields": {"name": "Can change group", "content_type": 3, "codename": "change_group"}}, {"model": "auth.permission", "pk": 11, "fields": {"name": "Can delete group", "content_type": 3, "codename": "delete_group"}}, {"model": "auth.permission", "pk": 12, "fields": {"name": "Can view group", "content_type": 3, "codename": "view_group"}}, {"model": "auth.permission", "pk": 13, "fields": {"name": "Can add user", "content_type": 4, "codename": "add_user"}}, {"model": "auth.permission", "pk": 14, "fields": {"name": "Can change user", "content_type": 4, "codename": "change_user"}}, {"model": "auth.permission", "pk": 15, "fields": {"name": "Can delete user", "content_type": 4, "codename": "delete_user"}}, {"model": "auth.permission", "pk": 16, "fields": {"name": "Can view user", "content_type": 4, "codename": "view_user"}}, {"model": "auth.permission", "pk": 17, "fields": {"name": "Can add content type", "content_type": 5, "codename": "add_contenttype"}}, {"model": "auth.permission", "pk": 18, "fields": {"name": "Can change content type", "content_type": 5, "codename": "change_contenttype"}}, {"model": "auth.permission", "pk": 19, "fields": {"name": "Can delete content type", "content_type": 5, "codename": "delete_contenttype"}}, {"model": "auth.permission", "pk": 20, "fields": {"name": "Can view content type", "content_type": 5, "codename": "view_contenttype"}}, {"model": "auth.permission", "pk": 21, "fields": {"name": "Can add session", "content_type": 6, "codename": "add_session"}}, {"model": "auth.permission", "pk": 22, "fields": {"name": "Can change session", "content_type": 6, "codename": "change_session"}}, {"model": "auth.permission", "pk": 23, "fields": {"name": "Can delete session", "content_type": 6, "codename": "delete_session"}}, {"model": "auth.permission", "pk": 24, "fields": {"name": "Can view session", "content_type": 6, "codename": "view_session"}}, {"model": "auth.permission", "pk": 25, "fields": {"name": "Can add site", "content_type": 7, "codename": "add_site"}}, {"model": "auth.permission", "pk": 26, "fields": {"name": "Can change site", "content_type": 7, "codename": "change_site"}}, {"model": "auth.permission", "pk": 27, "fields": {"name": "Can delete site", "content_type": 7, "codename": "delete_site"}}, {"model": "auth.permission", "pk": 28, "fields": {"name": "Can view site", "content_type": 7, "codename": "view_site"}}, {"model": "auth.permission", "pk": 29, "fields": {"name": "Can add email address", "content_type": 8, "codename": "add_emailaddress"}}, {"model": "auth.permission", "pk": 30, "fields": {"name": "Can change email address", "content_type": 8, "codename": "change_emailaddress"}}, {"model": "auth.permission", "pk": 31, "fields": {"name": "Can delete email address", "content_type": 8, "codename": "delete_emailaddress"}}, {"model": "auth.permission", "pk": 32, "fields": {"name": "Can view email address", "content_type": 8, "codename": "view_emailaddress"}}, {"model": "auth.permission", "pk": 33, "fields": {"name": "Can add email confirmation", "content_type": 9, "codename": "add_emailconfirmation"}}, {"model": "auth.permission", "pk": 34, "fields": {"name": "Can change email confirmation", "content_type": 9, "codename": "change_emailconfirmation"}}, {"model": "auth.permission", "pk": 35, "fields": {"name": "Can delete email confirmation", "content_type": 9, "codename": "delete_emailconfirmation"}}, {"model": "auth.permission", "pk": 36, "fields": {"name": "Can view email confirmation", "content_type": 9, "codename": "view_emailconfirmation"}}, {"model": "auth.permission", "pk": 37, "fields": {"name": "Can add social account", "content_type": 10, "codename": "add_socialaccount"}}, {"model": "auth.permission", "pk": 38, "fields": {"name": "Can change social account", "content_type": 10, "codename": "change_socialaccount"}}, {"model": "auth.permission", "pk": 39, "fields": {"name": "Can delete social account", "content_type": 10, "codename": "delete_socialaccount"}}, {"model": "auth.permission", "pk": 40, "fields": {"name": "Can view social account", "content_type": 10, "codename": "view_socialaccount"}}, {"model": "auth.permission", "pk": 41, "fields": {"name": "Can add social application", "content_type": 11, "codename": "add_socialapp"}}, {"model": "auth.permission", "pk": 42, "fields": {"name": "Can change social application", "content_type": 11, "codename": "change_socialapp"}}, {"model": "auth.permission", "pk": 43, "fields": {"name": "Can delete social application", "content_type": 11, "codename": "delete_socialapp"}}, {"model": "auth.permission", "pk": 44, "fields": {"name": "Can view social application", "content_type": 11, "codename": "view_socialapp"}}, {"model": "auth.permission", "pk": 45, "fields": {"name": "Can add social application token", "content_type": 12, "codename": "add_socialtoken"}}, {"model": "auth.permission", "pk": 46, "fields": {"name": "Can change social application token", "content_type": 12, "codename": "change_socialtoken"}}, {"model": "auth.permission", "pk": 47, "fields": {"name": "Can delete social application token", "content_type": 12, "codename": "delete_socialtoken"}}, {"model": "auth.permission", "pk": 48, "fields": {"name": "Can view social application token", "content_type": 12, "codename": "view_socialtoken"}}, {"model": "auth.permission", "pk": 49, "fields": {"name": "Can add category", "content_type": 13, "codename": "add_category"}}, {"model": "auth.permission", "pk": 50, "fields": {"name": "Can change category", "content_type": 13, "codename": "change_category"}}, {"model": "auth.permission", "pk": 51, "fields": {"name": "Can delete category", "content_type": 13, "codename": "delete_category"}}, {"model": "auth.permission", "pk": 52, "fields": {"name": "Can view category", "content_type": 13, "codename": "view_category"}}, {"model": "auth.permission", "pk": 53, "fields": {"name": "Can add sizes", "content_type": 14, "codename": "add_sizes"}}, {"model": "auth.permission", "pk": 54, "fields": {"name": "Can change sizes", "content_type": 14, "codename": "change_sizes"}}, {"model": "auth.permission", "pk": 55, "fields": {"name": "Can delete sizes", "content_type": 14, "codename": "delete_sizes"}}, {"model": "auth.permission", "pk": 56, "fields": {"name": "Can view sizes", "content_type": 14, "codename": "view_sizes"}}, {"model": "auth.permission", "pk": 57, "fields": {"name": "Can add subcategory", "content_type": 15, "codename": "add_subcategory"}}, {"model": "auth.permission", "pk": 58, "fields": {"name": "Can change subcategory", "content_type": 15, "codename": "change_subcategory"}}, {"model": "auth.permission", "pk": 59, "fields": {"name": "Can delete subcategory", "content_type": 15, "codename": "delete_subcategory"}}, {"model": "auth.permission", "pk": 60, "fields": {"name": "Can view subcategory", "content_type": 15, "codename": "view_subcategory"}}, {"model": "auth.permission", "pk": 61, "fields": {"name": "Can add subscription_ type", "content_type": 16, "codename": "add_subscription_type"}}, {"model": "auth.permission", "pk": 62, "fields": {"name": "Can change subscription_ type", "content_type": 16, "codename": "change_subscription_type"}}, {"model": "auth.permission", "pk": 63, "fields": {"name": "Can delete subscription_ type", "content_type": 16, "codename": "delete_subscription_type"}}, {"model": "auth.permission", "pk": 64, "fields": {"name": "Can view subscription_ type", "content_type": 16, "codename": "view_subscription_type"}}, {"model": "auth.permission", "pk": 65, "fields": {"name": "Can add product_ subscription", "content_type": 17, "codename": "add_product_subscription"}}, {"model": "auth.permission", "pk": 66, "fields": {"name": "Can change product_ subscription", "content_type": 17, "codename": "change_product_subscription"}}, {"model": "auth.permission", "pk": 67, "fields": {"name": "Can delete product_ subscription", "content_type": 17, "codename": "delete_product_subscription"}}, {"model": "auth.permission", "pk": 68, "fields": {"name": "Can view product_ subscription", "content_type": 17, "codename": "view_product_subscription"}}, {"model": "auth.permission", "pk": 69, "fields": {"name": "Can add product", "content_type": 18, "codename": "add_product"}}, {"model": "auth.permission", "pk": 70, "fields": {"name": "Can change product", "content_type": 18, "codename": "change_product"}}, {"model": "auth.permission", "pk": 71, "fields": {"name": "Can delete product", "content_type": 18, "codename": "delete_product"}}, {"model": "auth.permission", "pk": 72, "fields": {"name": "Can view product", "content_type": 18, "codename": "view_product"}}, {"model": "auth.permission", "pk": 73, "fields": {"name": "Can add subscriptions", "content_type": 19, "codename": "add_subscriptions"}}, {"model": "auth.permission", "pk": 74, "fields": {"name": "Can change subscriptions", "content_type": 19, "codename": "change_subscriptions"}}, {"model": "auth.permission", "pk": 75, "fields": {"name": "Can delete subscriptions", "content_type": 19, "codename": "delete_subscriptions"}}, {"model": "auth.permission", "pk": 76, "fields": {"name": "Can view subscriptions", "content_type": 19, "codename": "view_subscriptions"}}, {"model": "auth.user", "pk": 1, "fields": {"password": "pbkdf2_sha256$180000$SXG19iKicRoL$AVBV7UFKbPyTAvuI4796s3FJ6aSb+q0uqheZ0PIPRdg=", "last_login": "2020-08-01T12:41:58.939Z", "is_superuser": true, "username": "eldowling", "first_name": "", "last_name": "", "email": "elinordowling@gmail.com", "is_staff": true, "is_active": true, "date_joined": "2020-07-25T21:35:21.601Z", "groups": [], "user_permissions": []}}, {"model": "admin.logentry", "pk": 1, "fields": {"action_time": "2020-07-25T21:41:38.742Z", "user": 1, "content_type": 14, "object_id": "9", "object_repr": "18", "action_flag": 3, "change_message": ""}}, {"model": "admin.logentry", "pk": 2, "fields": {"action_time": "2020-07-25T21:41:38.766Z", "user": 1, "content_type": 14, "object_id": "8", "object_repr": "16", "action_flag": 3, "change_message": ""}}, {"model": "admin.logentry", "pk": 3, "fields": {"action_time": "2020-07-25T21:41:38.786Z", "user": 1, "content_type": 14, "object_id": "7", "object_repr": "14", "action_flag": 3, "change_message": ""}}, {"model": "admin.logentry", "pk": 4, "fields": {"action_time": "2020-07-25T21:41:38.810Z", "user": 1, "content_type": 14, "object_id": "6", "object_repr": "12", "action_flag": 3, "change_message": ""}}, {"model": "admin.logentry", "pk": 5, "fields": {"action_time": "2020-07-25T21:42:15.624Z", "user": 1, "content_type": 14, "object_id": "10", "object_repr": "none", "action_flag": 3, "change_message": ""}}, {"model": "admin.logentry", "pk": 6, "fields": {"action_time": "2020-07-25T21:45:07.218Z", "user": 1, "content_type": 18, "object_id": "1", "object_repr": "Body Sculpt - Beginners", "action_flag": 2, "change_message": "[{\"changed\": {\"fields\": [\"Subscription type\", \"Size\"]}}]"}}, {"model": "admin.logentry", "pk": 7, "fields": {"action_time": "2020-07-25T21:45:34.180Z", "user": 1, "content_type": 18, "object_id": "2", "object_repr": "Body Sculpt - Intermediate", "action_flag": 2, "change_message": "[{\"changed\": {\"fields\": [\"Subscription type\", \"Size\"]}}]"}}, {"model": "admin.logentry", "pk": 8, "fields": {"action_time": "2020-07-25T21:45:52.644Z", "user": 1, "content_type": 18, "object_id": "4", "object_repr": "Body Toning Program", "action_flag": 2, "change_message": "[{\"changed\": {\"fields\": [\"Subscription type\", \"Size\"]}}]"}}, {"model": "admin.logentry", "pk": 9, "fields": {"action_time": "2020-07-25T21:46:10.004Z", "user": 1, "content_type": 18, "object_id": "3", "object_repr": "Body Sculpt - Advanced", "action_flag": 2, "change_message": "[{\"changed\": {\"fields\": [\"Subscription type\", \"Size\"]}}]"}}, {"model": "admin.logentry", "pk": 10, "fields": {"action_time": "2020-07-25T21:46:36.174Z", "user": 1, "content_type": 18, "object_id": "6", "object_repr": "Advanced Seniors Workout", "action_flag": 2, "change_message": "[{\"changed\": {\"fields\": [\"Subscription type\", \"Size\"]}}]"}}, {"model": "admin.logentry", "pk": 11, "fields": {"action_time": "2020-07-25T21:47:02.840Z", "user": 1, "content_type": 18, "object_id": "11", "object_repr": "Live Online Seniors Workout - 1 class pass", "action_flag": 2, "change_message": "[{\"changed\": {\"fields\": [\"Subscription type\", \"Size\"]}}]"}}, {"model": "admin.logentry", "pk": 12, "fields": {"action_time": "2020-07-25T21:47:23.566Z", "user": 1, "content_type": 18, "object_id": "36", "object_repr": "Live Online Seniors Workout - 10 class pass", "action_flag": 2, "change_message": "[{\"changed\": {\"fields\": [\"Subscription type\", \"Size\"]}}]"}}, {"model": "admin.logentry", "pk": 13, "fields": {"action_time": "2020-07-25T21:47:38.499Z", "user": 1, "content_type": 18, "object_id": "39", "object_repr": "Live Online Seniors Workout - monthly pass (30)", "action_flag": 2, "change_message": "[{\"changed\": {\"fields\": [\"Subscription type\", \"Size\"]}}]"}}, {"model": "admin.logentry", "pk": 14, "fields": {"action_time": "2020-07-25T21:48:43.917Z", "user": 1, "content_type": 18, "object_id": "5", "object_repr": "Seniors Workout - Beginners", "action_flag": 2, "change_message": "[{\"changed\": {\"fields\": [\"Subscription type\", \"Size\"]}}]"}}, {"model": "admin.logentry", "pk": 15, "fields": {"action_time": "2020-07-25T21:49:03.139Z", "user": 1, "content_type": 18, "object_id": "8", "object_repr": "Advanced Childrens Workout", "action_flag": 2, "change_message": "[{\"changed\": {\"fields\": [\"Subscription type\", \"Size\"]}}]"}}, {"model": "admin.logentry", "pk": 16, "fields": {"action_time": "2020-07-25T21:49:12.916Z", "user": 1, "content_type": 18, "object_id": "7", "object_repr": "Childrens Fitness Workout", "action_flag": 2, "change_message": "[{\"changed\": {\"fields\": [\"Subscription type\", \"Size\"]}}]"}}, {"model": "admin.logentry", "pk": 17, "fields": {"action_time": "2020-07-25T21:49:24.487Z", "user": 1, "content_type": 18, "object_id": "10", "object_repr": "Live Online HIIT Workout - 1 class pass", "action_flag": 2, "change_message": "[{\"changed\": {\"fields\": [\"Subscription type\", \"Size\"]}}]"}}, {"model": "admin.logentry", "pk": 18, "fields": {"action_time": "2020-07-25T21:49:37.624Z", "user": 1, "content_type": 18, "object_id": "35", "object_repr": "Live Online HIIT Workout - 10 class pass", "action_flag": 2, "change_message": "[{\"changed\": {\"fields\": [\"Subscription type\", \"Size\"]}}]"}}, {"model": "admin.logentry", "pk": 19, "fields": {"action_time": "2020-07-25T21:49:52.536Z", "user": 1, "content_type": 18, "object_id": "38", "object_repr": "Live Online HIIT Workout - monthly pass (30)", "action_flag": 2, "change_message": "[{\"changed\": {\"fields\": [\"Subscription type\", \"Size\"]}}]"}}, {"model": "admin.logentry", "pk": 20, "fields": {"action_time": "2020-07-25T21:50:09.299Z", "user": 1, "content_type": 18, "object_id": "9", "object_repr": "Live Online Kettlebells Workout - 1 class pass", "action_flag": 2, "change_message": "[{\"changed\": {\"fields\": [\"Subscription type\", \"Size\"]}}]"}}, {"model": "admin.logentry", "pk": 21, "fields": {"action_time": "2020-07-25T21:50:19.202Z", "user": 1, "content_type": 18, "object_id": "34", "object_repr": "Live Online Kettlebells Workout - 10 class pass", "action_flag": 2, "change_message": "[{\"changed\": {\"fields\": [\"Subscription type\", \"Size\"]}}]"}}, {"model": "admin.logentry", "pk": 22, "fields": {"action_time": "2020-07-25T21:50:32.169Z", "user": 1, "content_type": 18, "object_id": "37", "object_repr": "Live Online Kettlebells Workout - monthly pass (30)", "action_flag": 2, "change_message": "[{\"changed\": {\"fields\": [\"Subscription type\", \"Size\"]}}]"}}, {"model": "admin.logentry", "pk": 23, "fields": {"action_time": "2020-07-25T21:51:12.734Z", "user": 1, "content_type": 18, "object_id": "13", "object_repr": "Nutrition Plan for Muscle Tone", "action_flag": 2, "change_message": "[{\"changed\": {\"fields\": [\"Subscription type\", \"Size\"]}}]"}}, {"model": "admin.logentry", "pk": 24, "fields": {"action_time": "2020-07-25T21:51:25.936Z", "user": 1, "content_type": 18, "object_id": "14", "object_repr": "Nutrition Plan for Training", "action_flag": 2, "change_message": "[{\"changed\": {\"fields\": [\"Subscription type\", \"Size\"]}}]"}}, {"model": "admin.logentry", "pk": 25, "fields": {"action_time": "2020-07-25T21:51:40.461Z", "user": 1, "content_type": 18, "object_id": "12", "object_repr": "Weightloss Nutrition Plan", "action_flag": 2, "change_message": "[{\"changed\": {\"fields\": [\"Subscription type\", \"Size\"]}}]"}}, {"model": "admin.logentry", "pk": 26, "fields": {"action_time": "2020-07-25T21:52:09.015Z", "user": 1, "content_type": 18, "object_id": "16", "object_repr": "Personalised Meal Plan", "action_flag": 2, "change_message": "[{\"changed\": {\"fields\": [\"Subscription type\", \"Size\"]}}]"}}, {"model": "admin.logentry", "pk": 27, "fields": {"action_time": "2020-07-25T21:52:25.858Z", "user": 1, "content_type": 18, "object_id": "15", "object_repr": "Dextox Nutrition Plan", "action_flag": 2, "change_message": "[{\"changed\": {\"fields\": [\"Subscription type\", \"Size\"]}}]"}}, {"model": "admin.logentry", "pk": 28, "fields": {"action_time": "2020-07-25T21:53:51.090Z", "user": 1, "content_type": 16, "object_id": "6", "object_repr": "none", "action_flag": 1, "change_message": "[{\"added\": {}}]"}}, {"model": "admin.logentry", "pk": 29, "fields": {"action_time": "2020-07-25T21:57:53.575Z", "user": 1, "content_type": 18, "object_id": "18", "object_repr": "Dumbell - 10kg", "action_flag": 2, "change_message": "[{\"changed\": {\"fields\": [\"Subscription type\", \"Size\"]}}]"}}, {"model": "admin.logentry", "pk": 30, "fields": {"action_time": "2020-07-25T21:58:09.941Z", "user": 1, "content_type": 18, "object_id": "17", "object_repr": "Dumbell - 5kg", "action_flag": 2, "change_message": "[{\"changed\": {\"fields\": [\"Subscription type\", \"Size\"]}}]"}}, {"model": "admin.logentry", "pk": 31, "fields": {"action_time": "2020-07-25T21:58:32.215Z", "user": 1, "content_type": 18, "object_id": "19", "object_repr": "Kettlebell - 6kg", "action_flag": 2, "change_message": "[{\"changed\": {\"fields\": [\"Subscription type\", \"Size\"]}}]"}}, {"model": "admin.logentry", "pk": 32, "fields": {"action_time": "2020-07-25T21:58:46.954Z", "user": 1, "content_type": 18, "object_id": "25", "object_repr": "Medicine Ball - 10kg", "action_flag": 2, "change_message": "[{\"changed\": {\"fields\": [\"Subscription type\", \"Size\"]}}]"}}, {"model": "admin.logentry", "pk": 33, "fields": {"action_time": "2020-07-25T21:58:58.543Z", "user": 1, "content_type": 18, "object_id": "23", "object_repr": "Medicine Ball - 3kg", "action_flag": 2, "change_message": "[{\"changed\": {\"fields\": [\"Subscription type\", \"Size\"]}}]"}}, {"model": "admin.logentry", "pk": 34, "fields": {"action_time": "2020-07-25T21:59:16.944Z", "user": 1, "content_type": 18, "object_id": "24", "object_repr": "Medicine Ball - 5kg", "action_flag": 2, "change_message": "[{\"changed\": {\"fields\": [\"Subscription type\", \"Size\"]}}]"}}, {"model": "admin.logentry", "pk": 35, "fields": {"action_time": "2020-07-25T21:59:33.320Z", "user": 1, "content_type": 18, "object_id": "20", "object_repr": "kettlebell - 8kg", "action_flag": 2, "change_message": "[{\"changed\": {\"fields\": [\"Subscription type\", \"Size\"]}}]"}}, {"model": "admin.logentry", "pk": 36, "fields": {"action_time": "2020-07-25T21:59:51.605Z", "user": 1, "content_type": 18, "object_id": "21", "object_repr": "Resistance Bands (set of 3)", "action_flag": 2, "change_message": "[{\"changed\": {\"fields\": [\"Subscription type\", \"Size\"]}}]"}}, {"model": "admin.logentry", "pk": 37, "fields": {"action_time": "2020-07-25T22:00:12.529Z", "user": 1, "content_type": 18, "object_id": "33", "object_repr": "Rubber Resistances Bands Set", "action_flag": 2, "change_message": "[{\"changed\": {\"fields\": [\"Subscription type\", \"Size\"]}}]"}}, {"model": "admin.logentry", "pk": 38, "fields": {"action_time": "2020-07-25T22:00:37.059Z", "user": 1, "content_type": 18, "object_id": "28", "object_repr": "Nutriverse", "action_flag": 2, "change_message": "[{\"changed\": {\"fields\": [\"Subscription type\", \"Size\"]}}]"}}, {"model": "admin.logentry", "pk": 39, "fields": {"action_time": "2020-07-25T22:01:11.682Z", "user": 1, "content_type": 18, "object_id": "28", "object_repr": "Nutriverse", "action_flag": 2, "change_message": "[{\"changed\": {\"fields\": [\"Code\"]}}]"}}, {"model": "admin.logentry", "pk": 40, "fields": {"action_time": "2020-07-25T22:01:33.850Z", "user": 1, "content_type": 18, "object_id": "27", "object_repr": "Nutriverse", "action_flag": 2, "change_message": "[{\"changed\": {\"fields\": [\"Subscription type\", \"Size\"]}}]"}}, {"model": "admin.logentry", "pk": 41, "fields": {"action_time": "2020-07-25T22:01:50.287Z", "user": 1, "content_type": 18, "object_id": "27", "object_repr": "Nutriverse", "action_flag": 2, "change_message": "[{\"changed\": {\"fields\": [\"Code\"]}}]"}}, {"model": "admin.logentry", "pk": 42, "fields": {"action_time": "2020-07-25T22:02:29.089Z", "user": 1, "content_type": 18, "object_id": "26", "object_repr": "Nutriverse", "action_flag": 2, "change_message": "[{\"changed\": {\"fields\": [\"Code\", \"Subscription type\", \"Size\"]}}]"}}, {"model": "admin.logentry", "pk": 43, "fields": {"action_time": "2020-07-25T22:02:53.204Z", "user": 1, "content_type": 18, "object_id": "22", "object_repr": "Exercise Mat", "action_flag": 2, "change_message": "[{\"changed\": {\"fields\": [\"Subscription type\", \"Size\"]}}]"}}, {"model": "admin.logentry", "pk": 44, "fields": {"action_time": "2020-07-25T22:03:06.507Z", "user": 1, "content_type": 18, "object_id": "32", "object_repr": "Nutriverse", "action_flag": 2, "change_message": "[{\"changed\": {\"fields\": [\"Subscription type\", \"Size\"]}}]"}}, {"model": "admin.logentry", "pk": 45, "fields": {"action_time": "2020-07-25T22:03:21.821Z", "user": 1, "content_type": 18, "object_id": "31", "object_repr": "Nutriverse", "action_flag": 2, "change_message": "[{\"changed\": {\"fields\": [\"Subscription type\", \"Size\"]}}]"}}, {"model": "admin.logentry", "pk": 46, "fields": {"action_time": "2020-07-25T22:04:08.684Z", "user": 1, "content_type": 18, "object_id": "30", "object_repr": "Nutriverse - White Waterbottle", "action_flag": 2, "change_message": "[{\"changed\": {\"fields\": [\"Name\", \"Subscription type\", \"Size\"]}}]"}}, {"model": "admin.logentry", "pk": 47, "fields": {"action_time": "2020-07-25T22:04:41.024Z", "user": 1, "content_type": 18, "object_id": "29", "object_repr": "Nutriverse - Sportsbag", "action_flag": 2, "change_message": "[{\"changed\": {\"fields\": [\"Name\", \"Subscription type\", \"Size\"]}}]"}}, {"model": "admin.logentry", "pk": 48, "fields": {"action_time": "2020-07-25T22:05:38.884Z", "user": 1, "content_type": 18, "object_id": "28", "object_repr": "Nutriverse - T Shirt - Red", "action_flag": 2, "change_message": "[{\"changed\": {\"fields\": [\"Name\"]}}]"}}, {"model": "admin.logentry", "pk": 49, "fields": {"action_time": "2020-07-25T22:05:56.439Z", "user": 1, "content_type": 18, "object_id": "27", "object_repr": "Nutriverse - T Shirt - Black", "action_flag": 2, "change_message": "[{\"changed\": {\"fields\": [\"Name\"]}}]"}}, {"model": "admin.logentry", "pk": 50, "fields": {"action_time": "2020-07-25T22:06:21.026Z", "user": 1, "content_type": 18, "object_id": "26", "object_repr": "Nutriverse - T Shirt - White", "action_flag": 2, "change_message": "[{\"changed\": {\"fields\": [\"Name\"]}}]"}}, {"model": "admin.logentry", "pk": 51, "fields": {"action_time": "2020-07-25T22:06:53.310Z", "user": 1, "content_type": 18, "object_id": "30", "object_repr": "Nutriverse - Waterbottle - White", "action_flag": 2, "change_message": "[{\"changed\": {\"fields\": [\"Name\"]}}]"}}, {"model": "admin.logentry", "pk": 52, "fields": {"action_time": "2020-07-25T22:07:07.494Z", "user": 1, "content_type": 18, "object_id": "32", "object_repr": "Nutriverse - Waterbottle - Red", "action_flag": 2, "change_message": "[{\"changed\": {\"fields\": [\"Name\"]}}]"}}, {"model": "admin.logentry", "pk": 53, "fields": {"action_time": "2020-07-25T22:07:30.494Z", "user": 1, "content_type": 18, "object_id": "31", "object_repr": "Nutriverse - Waterbottle - Blue", "action_flag": 2, "change_message": "[{\"changed\": {\"fields\": [\"Name\"]}}]"}}, {"model": "admin.logentry", "pk": 54, "fields": {"action_time": "2020-08-01T12:43:26.427Z", "user": 1, "content_type": 18, "object_id": "7", "object_repr": "Childrens Fitness Workout", "action_flag": 2, "change_message": "[{\"changed\": {\"fields\": [\"Image\"]}}]"}}, {"model": "admin.logentry", "pk": 55, "fields": {"action_time": "2020-08-01T12:47:52.275Z", "user": 1, "content_type": 18, "object_id": "19", "object_repr": "Kettlebell - 4kg", "action_flag": 2, "change_message": "[{\"changed\": {\"fields\": [\"Code\", \"Name\", \"Colour\", \"Image\"]}}]"}}, {"model": "admin.logentry", "pk": 56, "fields": {"action_time": "2020-08-01T12:48:23.707Z", "user": 1, "content_type": 18, "object_id": "20", "object_repr": "kettlebell - 8kg", "action_flag": 2, "change_message": "[{\"changed\": {\"fields\": [\"Colour\", \"Image\"]}}]"}}, {"model": "admin.logentry", "pk": 57, "fields": {"action_time": "2020-08-01T12:56:40.076Z", "user": 1, "content_type": 18, "object_id": "17", "object_repr": "Dumbell - 5kg", "action_flag": 2, "change_message": "[{\"changed\": {\"fields\": [\"Colour\", \"Image\"]}}]"}}, {"model": "admin.logentry", "pk": 58, "fields": {"action_time": "2020-08-01T12:57:03.493Z", "user": 1, "content_type": 18, "object_id": "8", "object_repr": "Advanced Childrens Workout", "action_flag": 2, "change_message": "[{\"changed\": {\"fields\": [\"Image\"]}}]"}}, {"model": "admin.logentry", "pk": 59, "fields": {"action_time": "2020-08-01T12:59:27.642Z", "user": 1, "content_type": 18, "object_id": "18", "object_repr": "Dumbell - 8kg", "action_flag": 2, "change_message": "[{\"changed\": {\"fields\": [\"Code\", \"Name\", \"Colour\", \"Image\"]}}]"}}, {"model": "admin.logentry", "pk": 60, "fields": {"action_time": "2020-08-01T13:09:08.170Z", "user": 1, "content_type": 18, "object_id": "22", "object_repr": "Exercise Mat", "action_flag": 2, "change_message": "[{\"changed\": {\"fields\": [\"Colour\", \"Image\"]}}]"}}, {"model": "admin.logentry", "pk": 61, "fields": {"action_time": "2020-08-01T16:11:18.497Z", "user": 1, "content_type": 18, "object_id": "17", "object_repr": "Dumbell - 5kg", "action_flag": 2, "change_message": "[{\"changed\": {\"fields\": [\"Image\"]}}]"}}, {"model": "admin.logentry", "pk": 62, "fields": {"action_time": "2020-08-01T16:11:29.982Z", "user": 1, "content_type": 18, "object_id": "17", "object_repr": "Dumbell - 5kg", "action_flag": 2, "change_message": "[{\"changed\": {\"fields\": [\"Image\"]}}]"}}, {"model": "admin.logentry", "pk": 63, "fields": {"action_time": "2020-08-03T17:05:45.461Z", "user": 1, "content_type": 17, "object_id": "75", "object_repr": "test1", "action_flag": 1, "change_message": "[{\"added\": {}}]"}}, {"model": "admin.logentry", "pk": 64, "fields": {"action_time": "2020-08-03T17:06:31.010Z", "user": 1, "content_type": 19, "object_id": "1", "object_repr": "Subscriptions object (1)", "action_flag": 1, "change_message": "[{\"added\": {}}]"}}]